{"$schema":"http://schema.management.azure.com/schemas/2015-01-01/deploymentTemplate.json#","contentVersion":"1.0.0.0","parameters":{"workspaceName":{"type":"string","metadata":"Workspace name","defaultValue":"syn-oea-cisd3v07kw1"},"LS_SQL_Serverless":{"type":"string"},"LS_HTTP":{"type":"string"},"LS_DataLake":{"type":"string"}},"variables":{"workspaceId":"[concat('Microsoft.Synapse/workspaces/', parameters('workspaceName'))]"},"resources":[{"name":"[concat(parameters('workspaceName'), '/0_main_insights')]","type":"Microsoft.Synapse/workspaces/pipelines","apiVersion":"2019-06-01-preview","properties":{"activities":[{"name":"1_land_insights_test_data","type":"ExecutePipeline","dependsOn":[],"userProperties":[],"typeProperties":{"pipeline":{"referenceName":"1_land_insights","type":"PipelineReference"},"waitOnCompletion":true,"parameters":{"workspace":{"value":"@pipeline().parameters.workspace","type":"Expression"},"land_k12_test_data":false,"land_hed_test_data":true}}},{"name":"2_ingest_insights","type":"ExecutePipeline","dependsOn":[{"activity":"1_land_insights_test_data","dependencyConditions":["Succeeded"]}],"userProperties":[],"typeProperties":{"pipeline":{"referenceName":"2_ingest_insights","type":"PipelineReference"},"waitOnCompletion":true,"parameters":{"workspace":{"value":"@pipeline().parameters.workspace","type":"Expression"},"ingest_k12_test_data":false,"ingest_hed_test_data":"true"}}},{"name":"3_refine_insights","type":"ExecutePipeline","dependsOn":[{"activity":"2_ingest_insights","dependencyConditions":["Succeeded"]}],"userProperties":[],"typeProperties":{"pipeline":{"referenceName":"3_refine_insights","type":"PipelineReference"},"waitOnCompletion":true,"parameters":{"workspace":{"value":"@pipeline().parameters.workspace","type":"Expression"}}}}],"policy":{"elapsedTimeMetric":{},"cancelAfter":{}},"parameters":{"workspace":{"type":"string","defaultValue":"dev"}},"folder":{"name":"Insights Module/basic"},"annotations":[],"lastPublishTime":"2022-12-23T19:13:59Z"},"dependsOn":["[concat(variables('workspaceId'), '/pipelines/1_land_insights')]","[concat(variables('workspaceId'), '/pipelines/2_ingest_insights')]","[concat(variables('workspaceId'), '/pipelines/3_refine_insights')]"]},{"name":"[concat(parameters('workspaceName'), '/1_land_insights')]","type":"Microsoft.Synapse/workspaces/pipelines","apiVersion":"2019-06-01-preview","properties":{"activities":[{"name":"Set defaultFilename","description":"Sets defaultFilename variable depending on whether K-12 or Higher Ed. test data is to be landed.","type":"SetVariable","dependsOn":[{"activity":"Set testDataSet","dependencyConditions":["Succeeded"]}],"userProperties":[],"typeProperties":{"variableName":"defaultFilename","value":{"value":"@if(pipeline().parameters.land_k12_test_data, 'k12_test_data.csv', 'hed_test_data.csv')","type":"Expression"}}},{"name":"land_activity","description":"Land Insights either K-12 or Higher Ed. Activity Test Data","type":"ExecutePipeline","dependsOn":[{"activity":"Set defaultFilename","dependencyConditions":["Succeeded"]}],"userProperties":[],"typeProperties":{"pipeline":{"referenceName":"land_data_from_URL","type":"PipelineReference"},"waitOnCompletion":true,"parameters":{"URL":{"value":"@concat('https://raw.githubusercontent.com/microsoft/OpenEduAnalytics/main/modules/module_catalog/Microsoft_Education_Insights/test_data/',variables('testDataSet'),'_test_data/activity/2022-01-28/ApplicationUsage.csv')","type":"Expression"},"workspace":{"value":"@pipeline().parameters.workspace","type":"Expression"},"sinkPath":"M365/v1.14/activity","sinkFilename":{"value":"@variables('defaultFilename')","type":"Expression"},"batchType":"additive"}}},{"name":"Set testDataSet","description":"Sets testDataSet variable depending on whether K-12 or Higher Ed. test data is to be landed.","type":"SetVariable","dependsOn":[],"userProperties":[],"typeProperties":{"variableName":"testDataSet","value":{"value":"@if(pipeline().parameters.land_k12_test_data, 'k12', 'hed')","type":"Expression"}}},{"name":"land_aadgroup","description":"Land Insights either K-12 or Higher Ed.  AADGroup Test Data","type":"ExecutePipeline","dependsOn":[{"activity":"Set defaultFilename","dependencyConditions":["Succeeded"]}],"userProperties":[],"typeProperties":{"pipeline":{"referenceName":"land_data_from_URL","type":"PipelineReference"},"waitOnCompletion":true,"parameters":{"URL":{"value":"@concat('https://raw.githubusercontent.com/microsoft/OpenEduAnalytics/main/modules/module_catalog/Microsoft_Education_Insights/test_data/',variables('testDataSet'),'_test_data/roster/2022-01-28T06-16-22/AadGroup/aadgroup.csv')","type":"Expression"},"workspace":{"value":"@pipeline().parameters.workspace","type":"Expression"},"sinkPath":"M365/v1.14/AadGroup","sinkFilename":{"value":"@variables('defaultFilename')","type":"Expression"},"batchType":"snapshot"}}},{"name":"land_aadgroupmembership","description":"Land Insights either K-12 or Higher Ed.  AADGroupMembership Test Data","type":"ExecutePipeline","dependsOn":[{"activity":"Set defaultFilename","dependencyConditions":["Succeeded"]}],"userProperties":[],"typeProperties":{"pipeline":{"referenceName":"land_data_from_URL","type":"PipelineReference"},"waitOnCompletion":true,"parameters":{"URL":{"value":"@concat('https://raw.githubusercontent.com/microsoft/OpenEduAnalytics/main/modules/module_catalog/Microsoft_Education_Insights/test_data/',variables('testDataSet'),'_test_data/roster/2022-01-28T06-16-22/AadGroupMembership/aadgroupmembership.csv')","type":"Expression"},"workspace":{"value":"@pipeline().parameters.workspace","type":"Expression"},"sinkPath":"M365/v1.14/AadGroupMembership","sinkFilename":{"value":"@variables('defaultFilename')","type":"Expression"},"batchType":"snapshot"}}},{"name":"land_aaduser","description":"Land Insights either K-12 or Higher Ed. AADUser Test Data","type":"ExecutePipeline","dependsOn":[{"activity":"Set defaultFilename","dependencyConditions":["Succeeded"]}],"userProperties":[],"typeProperties":{"pipeline":{"referenceName":"land_data_from_URL","type":"PipelineReference"},"waitOnCompletion":true,"parameters":{"URL":{"value":"@concat('https://raw.githubusercontent.com/microsoft/OpenEduAnalytics/main/modules/module_catalog/Microsoft_Education_Insights/test_data/',variables('testDataSet'),'_test_data/roster/2022-01-28T06-16-22/AadUser/aaduser.csv')","type":"Expression"},"workspace":{"value":"@pipeline().parameters.workspace","type":"Expression"},"sinkPath":"M365/v1.14/AadUser","sinkFilename":{"value":"@variables('defaultFilename')","type":"Expression"},"batchType":"snapshot"}}},{"name":"land_aaduserpersonmapping","description":"Land Insights either K-12 or Higher Ed. AADUserPersonMapping Test Data","type":"ExecutePipeline","dependsOn":[{"activity":"Set defaultFilename","dependencyConditions":["Succeeded"]}],"userProperties":[],"typeProperties":{"pipeline":{"referenceName":"land_data_from_URL","type":"PipelineReference"},"waitOnCompletion":true,"parameters":{"URL":{"value":"@concat('https://raw.githubusercontent.com/microsoft/OpenEduAnalytics/main/modules/module_catalog/Microsoft_Education_Insights/test_data/',variables('testDataSet'),'_test_data/roster/2022-01-28T06-16-22/AadUserPersonMapping/aaduserpersonmapping.csv')","type":"Expression"},"workspace":{"value":"@pipeline().parameters.workspace","type":"Expression"},"sinkPath":"M365/v1.14/AadUserPersonMapping","sinkFilename":{"value":"@variables('defaultFilename')","type":"Expression"},"batchType":"snapshot"}}},{"name":"land_course","description":"Land Insights either K-12 or Higher Ed. Course Test Data","type":"ExecutePipeline","dependsOn":[{"activity":"Set defaultFilename","dependencyConditions":["Succeeded"]}],"userProperties":[],"typeProperties":{"pipeline":{"referenceName":"land_data_from_URL","type":"PipelineReference"},"waitOnCompletion":true,"parameters":{"URL":{"value":"@concat('https://raw.githubusercontent.com/microsoft/OpenEduAnalytics/main/modules/module_catalog/Microsoft_Education_Insights/test_data/',variables('testDataSet'),'_test_data/roster/2022-01-28T06-16-22/Course/course.csv')","type":"Expression"},"workspace":{"value":"@pipeline().parameters.workspace","type":"Expression"},"sinkPath":"M365/v1.14/Course","sinkFilename":{"value":"@variables('defaultFilename')","type":"Expression"},"batchType":"snapshot"}}},{"name":"land_coursegradelevel","description":"Land Insights either K-12 or Higher Ed. CourseGradeLevel Test Data","type":"ExecutePipeline","dependsOn":[{"activity":"Set defaultFilename","dependencyConditions":["Succeeded"]}],"userProperties":[],"typeProperties":{"pipeline":{"referenceName":"land_data_from_URL","type":"PipelineReference"},"waitOnCompletion":true,"parameters":{"URL":{"value":"@concat('https://raw.githubusercontent.com/microsoft/OpenEduAnalytics/main/modules/module_catalog/Microsoft_Education_Insights/test_data/',variables('testDataSet'),'_test_data/roster/2022-01-28T06-16-22/CourseGradeLevel/coursegradelevel.csv')","type":"Expression"},"workspace":{"value":"@pipeline().parameters.workspace","type":"Expression"},"sinkPath":"M365/v1.14/CourseGradeLevel","sinkFilename":{"value":"@variables('defaultFilename')","type":"Expression"},"batchType":"snapshot"}}},{"name":"land_coursesubject","description":"Land Insights either K-12 or Higher Ed. CourseSubject Test Data","type":"ExecutePipeline","dependsOn":[{"activity":"Set defaultFilename","dependencyConditions":["Succeeded"]}],"userProperties":[],"typeProperties":{"pipeline":{"referenceName":"land_data_from_URL","type":"PipelineReference"},"waitOnCompletion":true,"parameters":{"URL":{"value":"@concat('https://raw.githubusercontent.com/microsoft/OpenEduAnalytics/main/modules/module_catalog/Microsoft_Education_Insights/test_data/',variables('testDataSet'),'_test_data/roster/2022-01-28T06-16-22/CourseSubject/coursesubject.csv')","type":"Expression"},"workspace":{"value":"@pipeline().parameters.workspace","type":"Expression"},"sinkPath":"M365/v1.14/CourseSubject","sinkFilename":{"value":"@variables('defaultFilename')","type":"Expression"},"batchType":"snapshot"}}},{"name":"land_enrollment","description":"Land Insights either K-12 or Higher Ed. Enrollment Test Data","type":"ExecutePipeline","dependsOn":[{"activity":"Set defaultFilename","dependencyConditions":["Succeeded"]}],"userProperties":[],"typeProperties":{"pipeline":{"referenceName":"land_data_from_URL","type":"PipelineReference"},"waitOnCompletion":true,"parameters":{"URL":{"value":"@concat('https://raw.githubusercontent.com/microsoft/OpenEduAnalytics/main/modules/module_catalog/Microsoft_Education_Insights/test_data/',variables('testDataSet'),'_test_data/roster/2022-01-28T06-16-22/Enrollment/enrollment.csv')","type":"Expression"},"workspace":{"value":"@pipeline().parameters.workspace","type":"Expression"},"sinkPath":"M365/v1.14/Enrollment","sinkFilename":{"value":"@variables('defaultFilename')","type":"Expression"},"batchType":"snapshot"}}},{"name":"land_organization","description":"Land Insights either K-12 or Higher Ed. Organization Test Data","type":"ExecutePipeline","dependsOn":[{"activity":"Set defaultFilename","dependencyConditions":["Succeeded"]}],"userProperties":[],"typeProperties":{"pipeline":{"referenceName":"land_data_from_URL","type":"PipelineReference"},"waitOnCompletion":true,"parameters":{"URL":{"value":"@concat('https://raw.githubusercontent.com/microsoft/OpenEduAnalytics/main/modules/module_catalog/Microsoft_Education_Insights/test_data/',variables('testDataSet'),'_test_data/roster/2022-01-28T06-16-22/Organization/organization.csv')","type":"Expression"},"workspace":{"value":"@pipeline().parameters.workspace","type":"Expression"},"sinkPath":"M365/v1.14/Organization","sinkFilename":{"value":"@variables('defaultFilename')","type":"Expression"},"batchType":"snapshot"}}},{"name":"land_person","description":"Land Insights either K-12 or Higher Ed. Person Test Data","type":"ExecutePipeline","dependsOn":[{"activity":"Set defaultFilename","dependencyConditions":["Succeeded"]}],"userProperties":[],"typeProperties":{"pipeline":{"referenceName":"land_data_from_URL","type":"PipelineReference"},"waitOnCompletion":true,"parameters":{"URL":{"value":"@concat('https://raw.githubusercontent.com/microsoft/OpenEduAnalytics/main/modules/module_catalog/Microsoft_Education_Insights/test_data/',variables('testDataSet'),'_test_data/roster/2022-01-28T06-16-22/Person/person.csv')","type":"Expression"},"workspace":{"value":"@pipeline().parameters.workspace","type":"Expression"},"sinkPath":"M365/v1.14/Person","sinkFilename":{"value":"@variables('defaultFilename')","type":"Expression"},"batchType":"snapshot"}}},{"name":"land_persondemographic","description":"Land Insights either K-12 or Higher Ed. PersonDemographic Test Data","type":"ExecutePipeline","dependsOn":[{"activity":"Set defaultFilename","dependencyConditions":["Succeeded"]}],"userProperties":[],"typeProperties":{"pipeline":{"referenceName":"land_data_from_URL","type":"PipelineReference"},"waitOnCompletion":true,"parameters":{"URL":{"value":"@concat('https://raw.githubusercontent.com/microsoft/OpenEduAnalytics/main/modules/module_catalog/Microsoft_Education_Insights/test_data/',variables('testDataSet'),'_test_data/roster/2022-01-28T06-16-22/PersonDemographic/persondemographic.csv')","type":"Expression"},"workspace":{"value":"@pipeline().parameters.workspace","type":"Expression"},"sinkPath":"M365/v1.14/PersonDemographic","sinkFilename":{"value":"@variables('defaultFilename')","type":"Expression"},"batchType":"snapshot"}}},{"name":"land_persondemographicethnicity","description":"Land Insights either K-12 or Higher Ed. PersonDemographicEthnicity Test Data","type":"ExecutePipeline","dependsOn":[{"activity":"Set defaultFilename","dependencyConditions":["Succeeded"]}],"userProperties":[],"typeProperties":{"pipeline":{"referenceName":"land_data_from_URL","type":"PipelineReference"},"waitOnCompletion":true,"parameters":{"URL":{"value":"@concat('https://raw.githubusercontent.com/microsoft/OpenEduAnalytics/main/modules/module_catalog/Microsoft_Education_Insights/test_data/',variables('testDataSet'),'_test_data/roster/2022-01-28T06-16-22/PersonDemographicEthnicity/persondemographicethnicity.csv')","type":"Expression"},"workspace":{"value":"@pipeline().parameters.workspace","type":"Expression"},"sinkPath":"M365/v1.14/PersonDemographicEthnicity","sinkFilename":{"value":"@variables('defaultFilename')","type":"Expression"},"batchType":"snapshot"}}},{"name":"land_persondemographicpersonflag","description":"Land Insights either K-12 or Higher Ed. PersonDemographicPersonFlag Test Data","type":"ExecutePipeline","dependsOn":[{"activity":"Set defaultFilename","dependencyConditions":["Succeeded"]}],"userProperties":[],"typeProperties":{"pipeline":{"referenceName":"land_data_from_URL","type":"PipelineReference"},"waitOnCompletion":true,"parameters":{"URL":{"value":"@concat('https://raw.githubusercontent.com/microsoft/OpenEduAnalytics/main/modules/module_catalog/Microsoft_Education_Insights/test_data/',variables('testDataSet'),'_test_data/roster/2022-01-28T06-16-22/PersonDemographicPersonFlag/persondemographicpersonflag.csv')","type":"Expression"},"workspace":{"value":"@pipeline().parameters.workspace","type":"Expression"},"sinkPath":"M365/v1.14/PersonDemographicPersonFlag","sinkFilename":{"value":"@variables('defaultFilename')","type":"Expression"},"batchType":"snapshot"}}},{"name":"land_persondemographicrace","description":"Land Insights either K-12 or Higher Ed. PersonDemographicRace Test Data","type":"ExecutePipeline","dependsOn":[{"activity":"Set defaultFilename","dependencyConditions":["Succeeded"]}],"userProperties":[],"typeProperties":{"pipeline":{"referenceName":"land_data_from_URL","type":"PipelineReference"},"waitOnCompletion":true,"parameters":{"URL":{"value":"@concat('https://raw.githubusercontent.com/microsoft/OpenEduAnalytics/main/modules/module_catalog/Microsoft_Education_Insights/test_data/',variables('testDataSet'),'_test_data/roster/2022-01-28T06-16-22/PersonDemographicRace/persondemographicrace.csv')","type":"Expression"},"workspace":{"value":"@pipeline().parameters.workspace","type":"Expression"},"sinkPath":"M365/v1.14/PersonDemographicRace","sinkFilename":{"value":"@variables('defaultFilename')","type":"Expression"},"batchType":"snapshot"}}},{"name":"land_personemailaddress","description":"Land Insights either K-12 or Higher Ed. PersonEmailAddress Test Data","type":"ExecutePipeline","dependsOn":[{"activity":"Set defaultFilename","dependencyConditions":["Succeeded"]}],"userProperties":[],"typeProperties":{"pipeline":{"referenceName":"land_data_from_URL","type":"PipelineReference"},"waitOnCompletion":true,"parameters":{"URL":{"value":"@concat('https://raw.githubusercontent.com/microsoft/OpenEduAnalytics/main/modules/module_catalog/Microsoft_Education_Insights/test_data/',variables('testDataSet'),'_test_data/roster/2022-01-28T06-16-22/PersonEmailAddress/personemailaddress.csv')","type":"Expression"},"workspace":{"value":"@pipeline().parameters.workspace","type":"Expression"},"sinkPath":"M365/v1.14/PersonEmailAddress","sinkFilename":{"value":"@variables('defaultFilename')","type":"Expression"},"batchType":"snapshot"}}},{"name":"land_personidentifier","description":"Land Insights either K-12 or Higher Ed. PersonIdentifier Test Data","type":"ExecutePipeline","dependsOn":[{"activity":"Set defaultFilename","dependencyConditions":["Succeeded"]}],"userProperties":[],"typeProperties":{"pipeline":{"referenceName":"land_data_from_URL","type":"PipelineReference"},"waitOnCompletion":true,"parameters":{"URL":{"value":"@concat('https://raw.githubusercontent.com/microsoft/OpenEduAnalytics/main/modules/module_catalog/Microsoft_Education_Insights/test_data/',variables('testDataSet'),'_test_data/roster/2022-01-28T06-16-22/PersonIdentifier/personidentifier.csv')","type":"Expression"},"workspace":{"value":"@pipeline().parameters.workspace","type":"Expression"},"sinkPath":"M365/v1.14/PersonIdentifier","sinkFilename":{"value":"@variables('defaultFilename')","type":"Expression"},"batchType":"snapshot"}}},{"name":"land_personorganizationrole","description":"Land Insights either K-12 or Higher Ed. PersonOrganizationRole Test Data","type":"ExecutePipeline","dependsOn":[{"activity":"Set defaultFilename","dependencyConditions":["Succeeded"]}],"userProperties":[],"typeProperties":{"pipeline":{"referenceName":"land_data_from_URL","type":"PipelineReference"},"waitOnCompletion":true,"parameters":{"URL":{"value":"@concat('https://raw.githubusercontent.com/microsoft/OpenEduAnalytics/main/modules/module_catalog/Microsoft_Education_Insights/test_data/',variables('testDataSet'),'_test_data/roster/2022-01-28T06-16-22/PersonOrganizationRole/personorganizationrole.csv')","type":"Expression"},"workspace":{"value":"@pipeline().parameters.workspace","type":"Expression"},"sinkPath":"M365/v1.14/PersonOrganizationRole","sinkFilename":{"value":"@variables('defaultFilename')","type":"Expression"},"batchType":"snapshot"}}},{"name":"land_personphonenumber","description":"Land Insights either K-12 or Higher Ed. PersonPhoneNumber Test Data","type":"ExecutePipeline","dependsOn":[{"activity":"Set defaultFilename","dependencyConditions":["Succeeded"]}],"userProperties":[],"typeProperties":{"pipeline":{"referenceName":"land_data_from_URL","type":"PipelineReference"},"waitOnCompletion":true,"parameters":{"URL":{"value":"@concat('https://raw.githubusercontent.com/microsoft/OpenEduAnalytics/main/modules/module_catalog/Microsoft_Education_Insights/test_data/',variables('testDataSet'),'_test_data/roster/2022-01-28T06-16-22/PersonPhoneNumber/personphonenumber.csv')","type":"Expression"},"workspace":{"value":"@pipeline().parameters.workspace","type":"Expression"},"sinkPath":"M365/v1.14/PersonPhoneNumber","sinkFilename":{"value":"@variables('defaultFilename')","type":"Expression"},"batchType":"snapshot"}}},{"name":"land_personrelationship","description":"Land Insights either K-12 or Higher Ed. PersonRelationship Test Data","type":"ExecutePipeline","dependsOn":[{"activity":"Set defaultFilename","dependencyConditions":["Succeeded"]}],"userProperties":[],"typeProperties":{"pipeline":{"referenceName":"land_data_from_URL","type":"PipelineReference"},"waitOnCompletion":true,"parameters":{"URL":{"value":"@concat('https://raw.githubusercontent.com/microsoft/OpenEduAnalytics/main/modules/module_catalog/Microsoft_Education_Insights/test_data/',variables('testDataSet'),'_test_data/roster/2022-01-28T06-16-22/PersonRelationship/personrelationship.csv')","type":"Expression"},"workspace":{"value":"@pipeline().parameters.workspace","type":"Expression"},"sinkPath":"M365/v1.14/PersonRelationship","sinkFilename":{"value":"@variables('defaultFilename')","type":"Expression"},"batchType":"snapshot"}}},{"name":"land_refdefinition","description":"Land Insights either K-12 or Higher Ed. RefDefinition Test Data","type":"ExecutePipeline","dependsOn":[{"activity":"Set defaultFilename","dependencyConditions":["Succeeded"]}],"userProperties":[],"typeProperties":{"pipeline":{"referenceName":"land_data_from_URL","type":"PipelineReference"},"waitOnCompletion":true,"parameters":{"URL":{"value":"@concat('https://raw.githubusercontent.com/microsoft/OpenEduAnalytics/main/modules/module_catalog/Microsoft_Education_Insights/test_data/',variables('testDataSet'),'_test_data/roster/2022-01-28T06-16-22/RefDefinition/refdefinition.csv')","type":"Expression"},"workspace":{"value":"@pipeline().parameters.workspace","type":"Expression"},"sinkPath":"M365/v1.14/RefDefinition","sinkFilename":{"value":"@variables('defaultFilename')","type":"Expression"},"batchType":"snapshot"}}},{"name":"land_reftranslation","description":"Land Insights either K-12 or Higher Ed. RefTranslation Test Data","type":"ExecutePipeline","dependsOn":[{"activity":"Set defaultFilename","dependencyConditions":["Succeeded"]}],"userProperties":[],"typeProperties":{"pipeline":{"referenceName":"land_data_from_URL","type":"PipelineReference"},"waitOnCompletion":true,"parameters":{"URL":{"value":"@concat('https://raw.githubusercontent.com/microsoft/OpenEduAnalytics/main/modules/module_catalog/Microsoft_Education_Insights/test_data/',variables('testDataSet'),'_test_data/roster/2022-01-28T06-16-22/RefTranslation/reftranslation.csv')","type":"Expression"},"workspace":{"value":"@pipeline().parameters.workspace","type":"Expression"},"sinkPath":"M365/v1.14/RefTranslation","sinkFilename":{"value":"@variables('defaultFilename')","type":"Expression"},"batchType":"snapshot"}}},{"name":"land_section","description":"Land Insights either K-12 or Higher Ed. Section Test Data","type":"ExecutePipeline","dependsOn":[{"activity":"Set defaultFilename","dependencyConditions":["Succeeded"]}],"userProperties":[],"typeProperties":{"pipeline":{"referenceName":"land_data_from_URL","type":"PipelineReference"},"waitOnCompletion":true,"parameters":{"URL":{"value":"@concat('https://raw.githubusercontent.com/microsoft/OpenEduAnalytics/main/modules/module_catalog/Microsoft_Education_Insights/test_data/',variables('testDataSet'),'_test_data/roster/2022-01-28T06-16-22/Section/section.csv')","type":"Expression"},"workspace":{"value":"@pipeline().parameters.workspace","type":"Expression"},"sinkPath":"M365/v1.14/Section","sinkFilename":{"value":"@variables('defaultFilename')","type":"Expression"},"batchType":"snapshot"}}},{"name":"land_sectiongradelevel","description":"Land Insights either K-12 or Higher Ed. SectionGradeLevel Test Data","type":"ExecutePipeline","dependsOn":[{"activity":"Set defaultFilename","dependencyConditions":["Succeeded"]}],"userProperties":[],"typeProperties":{"pipeline":{"referenceName":"land_data_from_URL","type":"PipelineReference"},"waitOnCompletion":true,"parameters":{"URL":{"value":"@concat('https://raw.githubusercontent.com/microsoft/OpenEduAnalytics/main/modules/module_catalog/Microsoft_Education_Insights/test_data/',variables('testDataSet'),'_test_data/roster/2022-01-28T06-16-22/SectionGradeLevel/sectiongradelevel.csv')","type":"Expression"},"workspace":{"value":"@pipeline().parameters.workspace","type":"Expression"},"sinkPath":"M365/v1.14/SectionGradeLevel","sinkFilename":{"value":"@variables('defaultFilename')","type":"Expression"},"batchType":"snapshot"}}},{"name":"land_sectionsession","description":"Land Insights either K-12 or Higher Ed. SectionSession Test Data","type":"ExecutePipeline","dependsOn":[{"activity":"Set defaultFilename","dependencyConditions":["Succeeded"]}],"userProperties":[],"typeProperties":{"pipeline":{"referenceName":"land_data_from_URL","type":"PipelineReference"},"waitOnCompletion":true,"parameters":{"URL":{"value":"@concat('https://raw.githubusercontent.com/microsoft/OpenEduAnalytics/main/modules/module_catalog/Microsoft_Education_Insights/test_data/',variables('testDataSet'),'_test_data/roster/2022-01-28T06-16-22/SectionSession/sectionsession.csv')","type":"Expression"},"workspace":{"value":"@pipeline().parameters.workspace","type":"Expression"},"sinkPath":"M365/v1.14/SectionSession","sinkFilename":{"value":"@variables('defaultFilename')","type":"Expression"},"batchType":"snapshot"}}},{"name":"land_sectionsubject","description":"Land Insights either K-12 or Higher Ed. SectionSubject Test Data","type":"ExecutePipeline","dependsOn":[{"activity":"Set defaultFilename","dependencyConditions":["Succeeded"]}],"userProperties":[],"typeProperties":{"pipeline":{"referenceName":"land_data_from_URL","type":"PipelineReference"},"waitOnCompletion":true,"parameters":{"URL":{"value":"@concat('https://raw.githubusercontent.com/microsoft/OpenEduAnalytics/main/modules/module_catalog/Microsoft_Education_Insights/test_data/',variables('testDataSet'),'_test_data/roster/2022-01-28T06-16-22/SectionSubject/sectionsubject.csv')","type":"Expression"},"workspace":{"value":"@pipeline().parameters.workspace","type":"Expression"},"sinkPath":"M365/v1.14/SectionSubject","sinkFilename":{"value":"@variables('defaultFilename')","type":"Expression"},"batchType":"snapshot"}}},{"name":"land_session","description":"Land Insights either K-12 or Higher Ed. Session Test Data","type":"ExecutePipeline","dependsOn":[{"activity":"Set defaultFilename","dependencyConditions":["Succeeded"]}],"userProperties":[],"typeProperties":{"pipeline":{"referenceName":"land_data_from_URL","type":"PipelineReference"},"waitOnCompletion":true,"parameters":{"URL":{"value":"@concat('https://raw.githubusercontent.com/microsoft/OpenEduAnalytics/main/modules/module_catalog/Microsoft_Education_Insights/test_data/',variables('testDataSet'),'_test_data/roster/2022-01-28T06-16-22/Session/session.csv')","type":"Expression"},"workspace":{"value":"@pipeline().parameters.workspace","type":"Expression"},"sinkPath":"M365/v1.14/Session","sinkFilename":{"value":"@variables('defaultFilename')","type":"Expression"},"batchType":"snapshot"}}},{"name":"land_sourcesystem","description":"Land Insights either K-12 or Higher Ed. SourceSystem Test Data","type":"ExecutePipeline","dependsOn":[{"activity":"Set defaultFilename","dependencyConditions":["Succeeded"]}],"userProperties":[],"typeProperties":{"pipeline":{"referenceName":"land_data_from_URL","type":"PipelineReference"},"waitOnCompletion":true,"parameters":{"URL":{"value":"@concat('https://raw.githubusercontent.com/microsoft/OpenEduAnalytics/main/modules/module_catalog/Microsoft_Education_Insights/test_data/',variables('testDataSet'),'_test_data/roster/2022-01-28T06-16-22/SourceSystem/sourcesystem.csv')","type":"Expression"},"workspace":{"value":"@pipeline().parameters.workspace","type":"Expression"},"sinkPath":"M365/v1.14/SourceSystem","sinkFilename":{"value":"@variables('defaultFilename')","type":"Expression"},"batchType":"snapshot"}}}],"policy":{"elapsedTimeMetric":{},"cancelAfter":{}},"parameters":{"workspace":{"type":"string","defaultValue":"dev"},"land_k12_test_data":{"type":"bool","defaultValue":false},"land_hed_test_data":{"type":"bool","defaultValue":true}},"variables":{"defaultFilename":{"type":"String","defaultValue":"test_data.csv"},"testDataSet":{"type":"String","defaultValue":"k12"}},"folder":{"name":"Insights Module/basic"},"annotations":[],"lastPublishTime":"2022-12-21T20:00:48Z"},"dependsOn":["[concat(variables('workspaceId'), '/pipelines/land_data_from_URL')]"]},{"name":"[concat(parameters('workspaceName'), '/2_ingest_insights')]","type":"Microsoft.Synapse/workspaces/pipelines","apiVersion":"2019-06-01-preview","properties":{"activities":[{"name":"ingest_metadata_from_URL","description":"NEEDS TO BE UPDATED TO POINT TO OEA REPO ","type":"ExecutePipeline","dependsOn":[{"activity":"ForEach table - ingest","dependencyConditions":["Succeeded"]}],"userProperties":[],"typeProperties":{"pipeline":{"referenceName":"land_metadata_from_URL","type":"PipelineReference"},"waitOnCompletion":true,"parameters":{"URL":"https://raw.githubusercontent.com/cstohlmann/oea-insights-module/main/test_data/metadata.csv","workspace":{"value":"@pipeline().parameters.workspace","type":"Expression"},"sinkPath":"M365/v1.14"}}},{"name":"Set defaultFilename","description":"Sets defaultFilename variable depending on whether K-12 or Higher Ed. test data is to be ingested.","type":"SetVariable","dependsOn":[],"userProperties":[],"typeProperties":{"variableName":"defaultFilename","value":{"value":"@if(pipeline().parameters.ingest_k12_test_data, 'k12_test_data.csv', 'hed_test_data.csv')","type":"Expression"}}},{"name":"insights_schema_correction","type":"SynapseNotebook","dependsOn":[{"activity":"ingest_metadata_from_URL","dependencyConditions":["Succeeded"]}],"policy":{"timeout":"0.12:00:00","retry":0,"retryIntervalInSeconds":30,"secureOutput":false,"secureInput":false},"userProperties":[],"typeProperties":{"notebook":{"referenceName":"Insights_schema_correction","type":"NotebookReference"},"parameters":{"workspace":{"value":{"value":"@pipeline().parameters.workspace","type":"Expression"},"type":"string"}},"snapshot":true,"conf":{}}},{"name":"ForEach table - ingest","type":"ForEach","dependsOn":[{"activity":"Set defaultFilename","dependencyConditions":["Succeeded"]}],"userProperties":[],"typeProperties":{"items":{"value":"@pipeline().parameters.tables_to_ingest","type":"Expression"},"isSequential":false,"activities":[{"name":"ingest_each_insights_table","type":"ExecutePipeline","dependsOn":[],"userProperties":[],"typeProperties":{"pipeline":{"referenceName":"insights_ingest_with_options","type":"PipelineReference"},"waitOnCompletion":true,"parameters":{"workspace":{"value":"@pipeline().parameters.workspace","type":"Expression"},"entityPath":{"value":"@concat('M365/v1.14/',item().table)","type":"Expression"},"primaryKey":{"value":"@item().table_primary_key","type":"Expression"},"options":"'header':False"}}}]}},{"name":"create_sql_db","type":"ExecutePipeline","dependsOn":[{"activity":"insights_schema_correction","dependencyConditions":["Succeeded"]}],"userProperties":[],"typeProperties":{"pipeline":{"referenceName":"create_sql_db","type":"PipelineReference"},"waitOnCompletion":true,"parameters":{"stage":"stage2","datasetPath":"Ingested/M365/v1.14","workspace":{"value":"@pipeline().parameters.workspace","type":"Expression"},"dbName":{"value":"@concat('sdb_',pipeline().parameters.workspace,'_s2i_M365_v1p14')","type":"Expression"}}}}],"policy":{"elapsedTimeMetric":{},"cancelAfter":{}},"parameters":{"workspace":{"type":"string","defaultValue":"dev"},"ingest_k12_test_data":{"type":"bool","defaultValue":false},"ingest_hed_test_data":{"type":"string","defaultValue":"true"},"tables_to_ingest":{"type":"array","defaultValue":[{"table":"activity","table_primary_key":"_c3"},{"table":"AadGroup","table_primary_key":"_c0"},{"table":"AadUser","table_primary_key":"_c0"},{"table":"AadUserPersonMapping","table_primary_key":"_c0"},{"table":"Course","table_primary_key":"_c0"},{"table":"CourseGradeLevel","table_primary_key":"_c0"},{"table":"CourseSubject","table_primary_key":"_c0"},{"table":"Enrollment","table_primary_key":"_c0"},{"table":"Organization","table_primary_key":"_c0"},{"table":"Person","table_primary_key":"_c0"},{"table":"PersonDemographic","table_primary_key":"_c0"},{"table":"PersonDemographicEthnicity","table_primary_key":"_c0"},{"table":"PersonDemographicPersonFlag","table_primary_key":"_c0"},{"table":"PersonDemographicRace","table_primary_key":"_c0"},{"table":"PersonEmailAddress","table_primary_key":"_c0"},{"table":"PersonIdentifier","table_primary_key":"_c0"},{"table":"PersonOrganizationRole","table_primary_key":"_c0"},{"table":"PersonPhoneNumber","table_primary_key":"_c0"},{"table":"RefDefinition","table_primary_key":"_c0"},{"table":"Section","table_primary_key":"_c0"},{"table":"SectionGradeLevel","table_primary_key":"_c0"},{"table":"SectionSession","table_primary_key":"_c0"},{"table":"SectionSubject","table_primary_key":"_c0"},{"table":"Session","table_primary_key":"_c0"},{"table":"SourceSystem","table_primary_key":"_c0"}]}},"variables":{"defaultFilename":{"type":"String","defaultValue":"test_data.csv"}},"folder":{"name":"Insights Module/basic"},"annotations":[],"lastPublishTime":"2022-12-23T20:30:29Z"},"dependsOn":["[concat(variables('workspaceId'), '/pipelines/land_metadata_from_URL')]","[concat(variables('workspaceId'), '/notebooks/Insights_schema_correction')]","[concat(variables('workspaceId'), '/pipelines/create_sql_db')]","[concat(variables('workspaceId'), '/pipelines/insights_ingest_with_options')]"]},{"name":"[concat(parameters('workspaceName'), '/3_refine_insights')]","type":"Microsoft.Synapse/workspaces/pipelines","apiVersion":"2019-06-01-preview","properties":{"activities":[{"name":"ForEach table - refine","type":"ForEach","dependsOn":[],"userProperties":[],"typeProperties":{"items":{"value":"@pipeline().parameters.entities","type":"Expression"},"isSequential":false,"activities":[{"name":"refine_entity","type":"ExecutePipeline","dependsOn":[],"userProperties":[],"typeProperties":{"pipeline":{"referenceName":"refine","type":"PipelineReference"},"waitOnCompletion":true,"parameters":{"workspace":{"value":"@pipeline().parameters.workspace","type":"Expression"},"entityPath":{"value":"@concat('M365/v1.14/',item().table)","type":"Expression"},"primaryKey":{"value":"@item().table_primary_key","type":"Expression"}}}}]}},{"name":"create_sql_db_for_general","type":"ExecutePipeline","dependsOn":[{"activity":"ForEach table - refine","dependencyConditions":["Completed"]}],"userProperties":[],"typeProperties":{"pipeline":{"referenceName":"create_sql_db","type":"PipelineReference"},"waitOnCompletion":true,"parameters":{"stage":"stage2","datasetPath":"Refined/M365/v1.14/general","workspace":{"value":"@pipeline().parameters.workspace","type":"Expression"},"dbName":{"value":"@concat('sdb_',pipeline().parameters.workspace,'_s2r_M365_v1p14')","type":"Expression"}}}},{"name":"create_sql_db_for_sensitive","type":"ExecutePipeline","dependsOn":[{"activity":"ForEach table - refine","dependencyConditions":["Completed"]}],"userProperties":[],"typeProperties":{"pipeline":{"referenceName":"create_sql_db","type":"PipelineReference"},"waitOnCompletion":true,"parameters":{"stage":"stage2","datasetPath":"Refined/M365/v1.14/sensitive","workspace":{"value":"@pipeline().parameters.workspace","type":"Expression"},"dbName":{"value":"@concat('sdb_',pipeline().parameters.workspace,'_s2r_M365_v1p14')","type":"Expression"}}}}],"policy":{"elapsedTimeMetric":{},"cancelAfter":{}},"parameters":{"workspace":{"type":"string","defaultValue":"dev"},"entities":{"type":"array","defaultValue":[{"table":"activity","table_primary_key":"SignalId"},{"table":"AadGroup","table_primary_key":"ObjectId_pseudonym"},{"table":"AadUser","table_primary_key":"ObjectId_pseudonym"},{"table":"AadUserPersonMapping","table_primary_key":"ObjectId_pseudonym"},{"table":"Course","table_primary_key":"Id"},{"table":"CourseGradeLevel","table_primary_key":"Id"},{"table":"CourseSubject","table_primary_key":"Id"},{"table":"Enrollment","table_primary_key":"Id"},{"table":"Organization","table_primary_key":"Id"},{"table":"Person","table_primary_key":"Id_pseudonym"},{"table":"PersonDemographic","table_primary_key":"PersonId_pseudonym"},{"table":"PersonDemographicEthnicity","table_primary_key":"Id"},{"table":"PersonDemographicPersonFlag","table_primary_key":"Id"},{"table":"PersonDemographicRace","table_primary_key":"Id"},{"table":"PersonEmailAddress","table_primary_key":"Id"},{"table":"PersonIdentifier","table_primary_key":"Id"},{"table":"PersonOrganizationRole","table_primary_key":"Id"},{"table":"PersonPhoneNumber","table_primary_key":"Id"},{"table":"RefDefinition","table_primary_key":"Id"},{"table":"Section","table_primary_key":"Id"},{"table":"SectionGradeLevel","table_primary_key":"Id"},{"table":"SectionSession","table_primary_key":"Id"},{"table":"SectionSubject","table_primary_key":"Id"},{"table":"Session","table_primary_key":"Id"},{"table":"SourceSystem","table_primary_key":"Id"}]}},"folder":{"name":"Insights Module/basic"},"annotations":[]},"dependsOn":["[concat(variables('workspaceId'), '/pipelines/create_sql_db')]","[concat(variables('workspaceId'), '/pipelines/refine')]"]},{"name":"[concat(parameters('workspaceName'), '/land_data_from_URL')]","type":"Microsoft.Synapse/workspaces/pipelines","apiVersion":"2019-06-01-preview","properties":{"description":"Copies data from the specified URL and lands it in stage1 of the specified workspace.\nThe batchType parameter must be either 'delta', 'snapshot', or 'additive'","activities":[{"name":"land_from_URL","type":"Copy","dependsOn":[{"activity":"Set rundate","dependencyConditions":["Succeeded"]},{"activity":"Set stage_path","dependencyConditions":["Succeeded"]}],"policy":{"timeout":"0.12:00:00","retry":0,"retryIntervalInSeconds":30,"secureOutput":false,"secureInput":false},"userProperties":[],"typeProperties":{"source":{"type":"BinarySource","storeSettings":{"type":"HttpReadSettings","requestMethod":"GET"},"formatSettings":{"type":"BinaryReadSettings"}},"sink":{"type":"BinarySink","storeSettings":{"type":"AzureBlobFSWriteSettings"}},"enableStaging":false},"inputs":[{"referenceName":"DS_HTTP_binary","type":"DatasetReference","parameters":{"URL":{"value":"@pipeline().parameters.URL","type":"Expression"}}}],"outputs":[{"referenceName":"DS_datalake_file","type":"DatasetReference","parameters":{"stage":{"value":"@variables('stage_path')","type":"Expression"},"path":{"value":"Transactional/@{pipeline().parameters.sinkPath}/@{pipeline().parameters.batchType}_batch_data/rundate=@{variables('rundate')}","type":"Expression"},"filename":{"value":"@pipeline().parameters.sinkFilename","type":"Expression"}}}]},{"name":"Set rundate","type":"SetVariable","dependsOn":[],"userProperties":[],"typeProperties":{"variableName":"rundate","value":{"value":"@utcNow('yyyy-MM-dd HH:mm:ss')","type":"Expression"}}},{"name":"Set stage_path","type":"SetVariable","dependsOn":[],"userProperties":[],"typeProperties":{"variableName":"stage_path","value":{"value":"@if(equals(pipeline().parameters.workspace,'dev'), 'oea/dev/stage1', \n if(equals(pipeline().parameters.workspace,'prod'),'stage1',\n  concat(concat('oea/sandboxes/', pipeline().parameters.workspace), '/stage1')\n )\n)","type":"Expression"}}}],"policy":{"elapsedTimeMetric":{},"cancelAfter":{}},"parameters":{"URL":{"type":"string","defaultValue":"https://raw.githubusercontent.com/microsoft/OpenEduAnalytics/main/framework/test_data/contoso_sis/day1/students/part1.csv"},"workspace":{"type":"string","defaultValue":"dev"},"sinkPath":{"type":"string","defaultValue":"contoso/v0.1/students"},"sinkFilename":{"type":"string","defaultValue":"part1.csv"},"batchType":{"type":"string","defaultValue":"snapshot"}},"variables":{"rundate":{"type":"String"},"stage_path":{"type":"String"}},"folder":{"name":"OEA_Framework"},"annotations":[],"lastPublishTime":"2022-12-14T20:15:47Z"},"dependsOn":["[concat(variables('workspaceId'), '/datasets/DS_HTTP_binary')]","[concat(variables('workspaceId'), '/datasets/DS_datalake_file')]"]},{"name":"[concat(parameters('workspaceName'), '/land_metadata_from_URL')]","type":"Microsoft.Synapse/workspaces/pipelines","apiVersion":"2019-06-01-preview","properties":{"description":"Copies the metadata from the specified URL and lands it in stage1 of the specified workspace.\nThe batchType parameter must be either 'delta', 'snapshot', or 'additive'","activities":[{"name":"land_metadata_from_URL","type":"Copy","dependsOn":[{"activity":"Set stage_path","dependencyConditions":["Succeeded"]}],"policy":{"timeout":"0.12:00:00","retry":0,"retryIntervalInSeconds":30,"secureOutput":false,"secureInput":false},"userProperties":[],"typeProperties":{"source":{"type":"BinarySource","storeSettings":{"type":"HttpReadSettings","requestMethod":"GET"},"formatSettings":{"type":"BinaryReadSettings"}},"sink":{"type":"BinarySink","storeSettings":{"type":"AzureBlobFSWriteSettings"}},"enableStaging":false},"inputs":[{"referenceName":"DS_HTTP_binary","type":"DatasetReference","parameters":{"URL":{"value":"@pipeline().parameters.URL","type":"Expression"}}}],"outputs":[{"referenceName":"DS_datalake_file","type":"DatasetReference","parameters":{"stage":{"value":"@variables('stage_path')","type":"Expression"},"path":{"value":"Ingested/@{pipeline().parameters.sinkPath}","type":"Expression"},"filename":"metadata.csv"}}]},{"name":"Set stage_path","type":"SetVariable","dependsOn":[],"userProperties":[],"typeProperties":{"variableName":"stage_path","value":{"value":"@if(equals(pipeline().parameters.workspace,'dev'), 'oea/dev/stage2', \n if(equals(pipeline().parameters.workspace,'prod'),'stage2',\n  concat(concat('oea/sandboxes/', pipeline().parameters.workspace), '/stage2')\n )\n)","type":"Expression"}}}],"policy":{"elapsedTimeMetric":{},"cancelAfter":{}},"parameters":{"URL":{"type":"string","defaultValue":"https://raw.githubusercontent.com/microsoft/OpenEduAnalytics/main/framework/test_data/contoso_sis/metadata.csv"},"workspace":{"type":"string","defaultValue":"dev"},"sinkPath":{"type":"string","defaultValue":"contoso/v0.1"}},"variables":{"stage_path":{"type":"String"}},"folder":{"name":"OEA_Framework"},"annotations":[],"lastPublishTime":"2022-12-14T20:16:00Z"},"dependsOn":["[concat(variables('workspaceId'), '/datasets/DS_HTTP_binary')]","[concat(variables('workspaceId'), '/datasets/DS_datalake_file')]"]},{"name":"[concat(parameters('workspaceName'), '/Insights_schema_correction')]","type":"Microsoft.Synapse/workspaces/notebooks","apiVersion":"2019-06-01-preview","properties":{"description":"Corrects the schema from Insights data originally landed - correcting column names and data types from the metadata.","folder":{"name":"Modules/Insights Module"},"nbformat":4,"nbformat_minor":2,"bigDataPool":{"referenceName":"spark3p2med","type":"BigDataPoolReference"},"sessionProperties":{"driverMemory":"56g","driverCores":8,"executorMemory":"56g","executorCores":8,"numExecutors":2,"runAsWorkspaceSystemIdentity":false,"conf":{"spark.dynamicAllocation.enabled":"false","spark.dynamicAllocation.minExecutors":"2","spark.dynamicAllocation.maxExecutors":"2","spark.autotune.trackingId":"88b00444-0548-45b3-9919-ae258d1d3c28"}},"metadata":{"saveOutput":true,"synapse_widget":{"version":"0.1","state":{"5276092e-4d3f-471f-996b-06d832959e9e":{"type":"Synapse.DataFrame","sync_state":{"table":{"rows":[{"0":"SubmissionEvent","1":"2022-01-09 05:29:00","3":"2d601751-cfa1-4389-9ece-9c2764dbc343","5":"567C0947-3091-44E8-8A37-9D445386C010","7":"Assignments","8":"515bc94db4b544d2a4ed3f427ead4734","9":"Student","10":"1.6","11":"0eb6d5ea-bd94-4226-b007-b0d1d19d2177","14":"Visited","15":"2022-01-17 00:00:00","16":"2022-01-03 00:00:00","32":"2022-12-21 21:15:46"},{"0":"SubmissionEvent","1":"2022-01-09 02:01:00","3":"6f59c88c-c506-4e59-ad26-1e5130f909f2","5":"7A6C5A0D-6CFA-4665-9AA8-EE12EDD4A6BF","7":"Assignments","8":"6217598825654ce58248d911f40737f0","9":"Student","10":"1.6","11":"bf8b985a-973a-4c2e-bc90-9cace8a44b4d","14":"Visited","15":"2022-01-21 00:00:00","16":"2022-01-03 00:00:00","32":"2022-12-21 21:15:46"},{"0":"SubmissionEvent","1":"2022-01-10 03:35:00","3":"cecc972c-c33e-4bc3-aef1-3dba3b8a6ab6","5":"6EC33984-CFDA-410E-B99C-6D372A2FE245","7":"Assignments","8":"276805e8a904452dafb4371ee4be3a1c","9":"Student","10":"1.6","11":"974c1f1c-9735-46d7-bbf7-9268c7467ba8","14":"Visited","15":"2022-01-21 00:00:00","16":"2022-01-03 00:00:00","32":"2022-12-21 21:15:46"},{"0":"FileModified","1":"2022-01-22 15:24:00","3":"c0f603ae-3e8b-4104-8a66-d8fe1707da07","5":"AC08D2CB-AAED-42E6-8CC2-4894F57E53B5","7":"SharePoint Online","8":"69a4db91c68c4319ae91e8dcc4a9c619","9":"Student","10":"1.6","16":"2022-01-03 00:00:00","18":"xlsx","32":"2022-12-21 21:15:46"},{"0":"SubmissionEvent","1":"2022-01-19 20:00:00","3":"ac3c5bf4-23bf-405b-a67b-b058cb6b9c37","5":"CE746EFD-3EF6-4730-82B3-0306AC573E18","7":"Assignments","8":"35513d88182044b5ab21765c8378cdb9","9":"Student","10":"1.6","11":"86dd415d-fefa-4e54-9491-9ac707703999","12":"df15891a-d16e-4524-beff-ac1fb0e12983","13":"2022-01-19 20:00:00","14":"Submitted","15":"2022-01-24 00:00:00","16":"2022-01-03 00:00:00","32":"2022-12-21 21:15:46"},{"0":"SubmissionEvent","1":"2022-01-13 15:19:00","3":"24e73882-9dea-4297-88dc-b4ddbc0b76d4","5":"F15B308D-22A5-49CC-A766-D129A6E71B5E","7":"Assignments","8":"73091c7a2bbe4535bdb73ecb34258850","9":"Student","10":"1.6","11":"9474d75c-f360-4b4b-8c60-454980544050","12":"63086541-8b5c-44e0-99a5-d2cebcc4320e","13":"2022-01-13 15:19:00","14":"Submitted","15":"2022-01-20 00:00:00","16":"2022-01-03 00:00:00","32":"2022-12-21 21:15:46"},{"0":"SubmissionEvent","1":"2022-01-08 16:11:00","3":"d63b2a4e-4642-4b9d-99f3-8dde7d57e805","5":"0D8B8AD9-2490-4060-A85A-EE66B5667D54","7":"Assignments","8":"3bcf6f2c808141f8a49fa257c21b20f5","9":"Student","10":"1.6","11":"82c6e055-bee2-4ec5-8de5-fbeba1eb0624","14":"Visited","15":"2022-01-21 00:00:00","16":"2022-01-03 00:00:00","32":"2022-12-21 21:15:46"},{"0":"SubmissionEvent","1":"2022-01-13 12:59:00","3":"d3d327ae-eda1-42d8-a749-c485b9c873ea","5":"DAC494DC-A53A-4059-87D9-E8D6D1A0763A","7":"Assignments","8":"ddfcd08049324f6da663b5530dbfa0e2","9":"Student","10":"1.6","11":"e500b379-02a9-437f-971a-7e70bb7d83e5","14":"Returned","15":"2022-01-15 00:00:00","16":"2022-01-03 00:00:00","17":"58.0","32":"2022-12-21 21:15:46"},{"0":"CallRecordSummarized","1":"2022-01-24 13:45:00","3":"05d39aeb-b1f7-4cdc-925f-03b8c146976c","5":"C285F351-6640-4E34-BC13-A3C6352AAC8B","7":"TeamsMeeting","8":"314f44bcfaa344ba8a1c738bc6c9ae5f","9":"Student","10":"1.6","16":"2022-01-03 00:00:00","19":"0:26:00","20":"ae6ef58a-6ae4-4bb8-8af3-dea42aebc454","32":"2022-12-21 21:15:46"},{"0":"SubmissionEvent","1":"2022-01-12 22:08:00","3":"637274f5-381e-4c9b-b069-ca3e530dd3ed","5":"E69107B5-8C34-402C-B0A1-408D4A929CB7","7":"Assignments","8":"b252b09a802f405896d828ec9b030826","9":"Student","10":"1.6","11":"9166fb0a-686c-42f3-bd32-7c952cd77b68","14":"Visited","15":"2022-01-21 00:00:00","16":"2022-01-03 00:00:00","32":"2022-12-21 21:15:46"}],"schema":[{"key":"0","name":"SignalType","type":"string"},{"key":"1","name":"StartTime","type":"timestamp"},{"key":"2","name":"UserAgent","type":"string"},{"key":"3","name":"SignalId","type":"string"},{"key":"4","name":"SisClassId","type":"string"},{"key":"5","name":"ClassId","type":"string"},{"key":"6","name":"ChannelId","type":"string"},{"key":"7","name":"AppName","type":"string"},{"key":"8","name":"ActorId","type":"string"},{"key":"9","name":"ActorRole","type":"string"},{"key":"10","name":"SchemaVersion","type":"string"},{"key":"11","name":"AssignmentId","type":"string"},{"key":"12","name":"SubmissionId","type":"string"},{"key":"13","name":"SubmissionCreatedTime","type":"timestamp"},{"key":"14","name":"Action","type":"string"},{"key":"15","name":"DueDate","type":"timestamp"},{"key":"16","name":"ClassCreationDate","type":"timestamp"},{"key":"17","name":"Grade","type":"double"},{"key":"18","name":"SourceFileExtension","type":"string"},{"key":"19","name":"MeetingDuration","type":"string"},{"key":"20","name":"MeetingSessionId","type":"string"},{"key":"21","name":"MeetingType","type":"string"},{"key":"22","name":"ReadingSubmissionWordsPerMinute","type":"int"},{"key":"23","name":"ReadingSubmissionAccuracyScore","type":"string"},{"key":"24","name":"ReadingSubmissionMispronunciationCount","type":"int"},{"key":"25","name":"ReadingSubmissionRepetitionsCount","type":"int"},{"key":"26","name":"ReadingSubmissionInsertionsCount","type":"int"},{"key":"27","name":"ReadingSubmissionObmissionCount","type":"int"},{"key":"28","name":"ReadingSubmissionAttemptNumber","type":"int"},{"key":"29","name":"ReadingAssignmentWordCount","type":"int"},{"key":"30","name":"ReadingAssignmentFleschKincaidGradeLevel","type":"string"},{"key":"31","name":"ReadingAssignmentLanguage","type":"string"},{"key":"32","name":"rundate","type":"timestamp"}],"truncated":false},"isSummary":false,"language":"scala"},"persist_state":{"view":{"type":"details","tableOptions":{},"chartOptions":{"chartType":"bar","aggregationType":"sum","categoryFieldKeys":["0"],"seriesFieldKeys":["17"],"isStacked":false}}}}}},"enableDebugMode":false,"kernelspec":{"name":"synapse_pyspark","display_name":"Synapse PySpark"},"language_info":{"name":"python"},"a365ComputeOptions":{"id":"/subscriptions/7b9a4896-4541-483f-bdc7-d8f4ec6be3ee/resourceGroups/rg-oea-cisd3v07kw1/providers/Microsoft.Synapse/workspaces/syn-oea-cisd3v07kw1/bigDataPools/spark3p2med","name":"spark3p2med","type":"Spark","endpoint":"https://syn-oea-cisd3v07kw1.dev.azuresynapse.net/livyApi/versions/2019-11-01-preview/sparkPools/spark3p2med","auth":{"type":"AAD","authResource":"https://dev.azuresynapse.net"},"sparkVersion":"3.2","nodeCount":3,"cores":8,"memory":56,"automaticScaleJobs":false},"sessionKeepAliveTimeout":30},"cells":[{"cell_type":"markdown","metadata":{"nteract":{"transient":{"deleting":false}}},"source":["# Insights Module Schema Correction\r\n","\r\n","This notebook demonstrates the utility of the OEA_py class notebook, while correcting module tables initially ingested without headers and incorrect data types.\r\n","\r\n","The steps outlined below describe how this notebook is used to correct the Microsoft Education Insights module tables:\r\n","- Set the workspace for where the table schemas are to be corrected. \r\n","- 4 functions are defined and used:\r\n","   1. **_extract_element**: uses the Insights metadata to extract the correct column names.\r\n","   2. **_dtype_config**: uses the Insights metadata to extract the correct column dtypes.\r\n","   3. **correct_insights_table_schema**: uses the corrected column names and dtypes to correct the schema per table given to the function.\r\n","   4. **correct_insights_dataset**: extracts the names of all the folders currently stored in stage2/Ingested/M365, corrects the schema per table using the function above, and overwrites the tables with the updated schemas.\r\n","   "]},{"cell_type":"code","metadata":{"jupyter":{"source_hidden":false,"outputs_hidden":false},"nteract":{"transient":{"deleting":false}},"tags":["parameters"]},"source":["workspace = 'dev'"],"outputs":[{"output_type":"display_data","data":{"application/vnd.livy.statement-meta+json":{"spark_pool":"spark3p2med","session_id":"7","statement_id":1,"state":"finished","livy_statement_state":"available","queued_time":"2022-12-27T19:44:28.297079Z","session_start_time":"2022-12-27T19:44:28.3456751Z","execution_start_time":"2022-12-27T19:47:59.1569622Z","execution_finish_time":"2022-12-27T19:47:59.3270531Z","spark_jobs":null},"text/plain":"StatementMeta(spark3p2med, 7, 1, Finished, Available)"},"metadata":{}}],"execution_count":3},{"cell_type":"code","metadata":{"jupyter":{"source_hidden":false,"outputs_hidden":false},"nteract":{"transient":{"deleting":false}}},"source":["%run OEA_py"],"outputs":[{"output_type":"display_data","data":{"application/vnd.livy.statement-meta+json":{"spark_pool":null,"session_id":"7","statement_id":-1,"state":"finished","livy_statement_state":"available","queued_time":"2022-12-27T19:47:07.161561Z","session_start_time":null,"execution_start_time":"2022-12-27T19:48:05.305873Z","execution_finish_time":"2022-12-27T19:48:05.3062418Z","spark_jobs":null},"text/plain":"StatementMeta(, 7, -1, Finished, Available)"},"metadata":{}},{"name":"stdout","output_type":"stream","text":"2022-12-27 19:48:03,881 - OEA - INFO - Now using workspace: dev\n2022-12-27 19:48:03,883 - OEA - INFO - OEA initialized.\n"}],"execution_count":4},{"cell_type":"code","metadata":{"jupyter":{"source_hidden":false,"outputs_hidden":false},"nteract":{"transient":{"deleting":false}}},"source":["# 1) set the workspace (this determines where in the data lake you'll be writing to and reading from).\r\n","# You can work in 'dev', 'prod', or a sandbox with any name you choose.\r\n","# For example, Sam the developer can create a 'sam' workspace and expect to find his datasets in the data lake under oea/sandboxes/sam\r\n","oea.set_workspace(workspace)"],"outputs":[{"output_type":"display_data","data":{"application/vnd.livy.statement-meta+json":{"spark_pool":"spark3p2med","session_id":"7","statement_id":3,"state":"finished","livy_statement_state":"available","queued_time":"2022-12-27T19:47:09.0767064Z","session_start_time":null,"execution_start_time":"2022-12-27T19:48:05.4202948Z","execution_finish_time":"2022-12-27T19:48:05.5786955Z","spark_jobs":null},"text/plain":"StatementMeta(spark3p2med, 7, 3, Finished, Available)"},"metadata":{}},{"name":"stdout","output_type":"stream","text":"2022-12-27 19:48:05,400 - OEA - INFO - Now using workspace: dev\n"}],"execution_count":5},{"cell_type":"code","metadata":{"jupyter":{"source_hidden":false,"outputs_hidden":false},"nteract":{"transient":{"deleting":false}}},"source":["# 2) schema correction, since Insights data initially landed doesn't have column headers\r\n","\r\n","def _extract_element(lst, element_num=0):\r\n","    return [item[element_num] for item in lst]\r\n","\r\n","def _dtype_config(dtype_lst):\r\n","    return [item.capitalize() + 'Type()' for item in dtype_lst]\r\n","\r\n","def correct_insights_table_schema(df, table_name):\r\n","    list_of_column_names = _extract_element(metadata[table_name])\r\n","    list_of_column_dtypes = _extract_element(metadata[table_name], 1)\r\n","    list_of_column_dtypes = _dtype_config(list_of_column_dtypes)\r\n","\r\n","    n = 0\r\n","    df_updatedColumns = df\r\n","    for c in df.columns:\r\n","        if c != 'rundate':\r\n","            new_col_name = list_of_column_names[n]\r\n","            df_updatedColumns = df_updatedColumns.withColumnRenamed(c, new_col_name)\r\n","            if list_of_column_dtypes[n] != 'StringType()':\r\n","#               df_updatedColumns = df_updatedColumns.withColumn(new_col_name, df_updatedColumns[new_col_name].cast(list_of_column_dtypes[n]))\r\n","                if list_of_column_dtypes[n] == 'IntegerType()':\r\n","                    df_updatedColumns = df_updatedColumns.withColumn(new_col_name, df_updatedColumns[new_col_name].cast(IntegerType()))\r\n","                elif list_of_column_dtypes[n] == 'TimestampType()':\r\n","                    df_updatedColumns = df_updatedColumns.withColumn(new_col_name, df_updatedColumns[new_col_name].cast(TimestampType()))\r\n","                elif list_of_column_dtypes == 'ShortType()':\r\n","                    df_updatedColumns = df_updatedColumns.withColumn(new_col_name, df_updatedColumns[new_col_name].cast(ShortType()))\r\n","                elif list_of_column_dtypes[n] == 'LongType()':\r\n","                    df_updatedColumns = df_updatedColumns.withColumn(new_col_name, df_updatedColumns[new_col_name].cast(LongType()))\r\n","                elif list_of_column_dtypes[n] == 'DoubleType()':\r\n","                    df_updatedColumns = df_updatedColumns.withColumn(new_col_name, df_updatedColumns[new_col_name].cast(DoubleType()))\r\n","                elif list_of_column_dtypes[n] == 'DateType()':\r\n","                    df_updatedColumns = df_updatedColumns.withColumn(new_col_name, df_updatedColumns[new_col_name].cast(DateType()))\r\n","                elif list_of_column_dtypes[n] == 'BooleanType()':\r\n","                    df_updatedColumns = df_updatedColumns.withColumn(new_col_name, df_updatedColumns[new_col_name].cast(BooleanType()))\r\n","        else:\r\n","            df_updatedColumns = df_updatedColumns\r\n","        n = n + 1\r\n","    return df_updatedColumns"],"outputs":[{"output_type":"display_data","data":{"application/vnd.livy.statement-meta+json":{"spark_pool":"spark3p2med","session_id":"7","statement_id":4,"state":"finished","livy_statement_state":"available","queued_time":"2022-12-27T19:47:10.9550163Z","session_start_time":null,"execution_start_time":"2022-12-27T19:48:05.7010218Z","execution_finish_time":"2022-12-27T19:48:05.8574252Z","spark_jobs":null},"text/plain":"StatementMeta(spark3p2med, 7, 4, Finished, Available)"},"metadata":{}}],"execution_count":6},{"cell_type":"code","metadata":{"jupyter":{"source_hidden":false,"outputs_hidden":false},"nteract":{"transient":{"deleting":false}}},"source":["def correct_insights_dataset(tables_source):\r\n","    items = oea.get_folders(tables_source)\r\n","    for item in items: \r\n","        if item == 'metadata.csv':\r\n","            logger.info('ignore metadata processing, since this is not a table to be ingested')\r\n","        else:\r\n","            table_path = tables_source +'/'+ item\r\n","            df = spark.read.format('delta').load(oea.to_url(table_path), header='false')\r\n","            df_correctedSchema = correct_insights_table_schema(df, table_name=item)\r\n","            df_correctedSchema.write.save(oea.to_url(table_path), format='delta', mode='overwrite', header='true', overwriteSchema='true')\r\n","            logger.info('Successfully corrected the schema for table: ' + item + ' from: ' + table_path)"],"outputs":[{"output_type":"display_data","data":{"application/vnd.livy.statement-meta+json":{"spark_pool":"spark3p2med","session_id":"7","statement_id":10,"state":"finished","livy_statement_state":"available","queued_time":"2022-12-27T19:54:53.088718Z","session_start_time":null,"execution_start_time":"2022-12-27T19:54:53.2171193Z","execution_finish_time":"2022-12-27T19:54:53.3756549Z","spark_jobs":null},"text/plain":"StatementMeta(spark3p2med, 7, 10, Finished, Available)"},"metadata":{}}],"execution_count":12},{"cell_type":"code","metadata":{"jupyter":{"source_hidden":false,"outputs_hidden":false},"nteract":{"transient":{"deleting":false}}},"source":["metadata = oea.get_metadata_from_url('https://raw.githubusercontent.com/microsoft/OpenEduAnalytics/main/modules/module_catalog/Microsoft_Education_Insights/test_data/metadata.csv')\r\n","#metadata = oea.get_metadata_from_url('https://raw.githubusercontent.com/cstohlmann/oea-insights-module/main/test_data/metadata.csv')\r\n","correct_insights_dataset('stage2/Ingested/M365/v1.14')"],"outputs":[{"output_type":"display_data","data":{"application/vnd.livy.statement-meta+json":{"spark_pool":"spark3p2med","session_id":"7","statement_id":11,"state":"finished","livy_statement_state":"available","queued_time":"2022-12-27T19:55:05.0769796Z","session_start_time":null,"execution_start_time":"2022-12-27T19:55:05.1794644Z","execution_finish_time":"2022-12-27T19:56:46.0848609Z","spark_jobs":null},"text/plain":"StatementMeta(spark3p2med, 7, 11, Finished, Available)"},"metadata":{}},{"name":"stdout","output_type":"stream","text":"2022-12-27 19:55:19,844 - OEA - INFO - Successfully corrected the schema for table:AadGroupfrom:stage2/Ingested/M365/v1.14/AadGroup\n2022-12-27 19:55:24,739 - OEA - INFO - Successfully corrected the schema for table:AadUserfrom:stage2/Ingested/M365/v1.14/AadUser\n2022-12-27 19:55:28,776 - OEA - INFO - Successfully corrected the schema for table:AadUserPersonMappingfrom:stage2/Ingested/M365/v1.14/AadUserPersonMapping\n2022-12-27 19:55:32,715 - OEA - INFO - Successfully corrected the schema for table:Coursefrom:stage2/Ingested/M365/v1.14/Course\n2022-12-27 19:55:38,783 - OEA - INFO - Successfully corrected the schema for table:CourseGradeLevelfrom:stage2/Ingested/M365/v1.14/CourseGradeLevel\n2022-12-27 19:55:42,015 - OEA - INFO - Successfully corrected the schema for table:CourseSubjectfrom:stage2/Ingested/M365/v1.14/CourseSubject\n2022-12-27 19:55:45,883 - OEA - INFO - Successfully corrected the schema for table:Enrollmentfrom:stage2/Ingested/M365/v1.14/Enrollment\n2022-12-27 19:55:50,433 - OEA - INFO - Successfully corrected the schema for table:Organizationfrom:stage2/Ingested/M365/v1.14/Organization\n2022-12-27 19:55:53,667 - OEA - INFO - Successfully corrected the schema for table:Personfrom:stage2/Ingested/M365/v1.14/Person\n2022-12-27 19:55:57,308 - OEA - INFO - Successfully corrected the schema for table:PersonDemographicfrom:stage2/Ingested/M365/v1.14/PersonDemographic\n2022-12-27 19:56:00,832 - OEA - INFO - Successfully corrected the schema for table:PersonDemographicEthnicityfrom:stage2/Ingested/M365/v1.14/PersonDemographicEthnicity\n2022-12-27 19:56:04,054 - OEA - INFO - Successfully corrected the schema for table:PersonDemographicPersonFlagfrom:stage2/Ingested/M365/v1.14/PersonDemographicPersonFlag\n2022-12-27 19:56:07,326 - OEA - INFO - Successfully corrected the schema for table:PersonDemographicRacefrom:stage2/Ingested/M365/v1.14/PersonDemographicRace\n2022-12-27 19:56:10,239 - OEA - INFO - Successfully corrected the schema for table:PersonEmailAddressfrom:stage2/Ingested/M365/v1.14/PersonEmailAddress\n2022-12-27 19:56:13,152 - OEA - INFO - Successfully corrected the schema for table:PersonIdentifierfrom:stage2/Ingested/M365/v1.14/PersonIdentifier\n2022-12-27 19:56:16,470 - OEA - INFO - Successfully corrected the schema for table:PersonOrganizationRolefrom:stage2/Ingested/M365/v1.14/PersonOrganizationRole\n2022-12-27 19:56:19,181 - OEA - INFO - Successfully corrected the schema for table:PersonPhoneNumberfrom:stage2/Ingested/M365/v1.14/PersonPhoneNumber\n2022-12-27 19:56:22,955 - OEA - INFO - Successfully corrected the schema for table:RefDefinitionfrom:stage2/Ingested/M365/v1.14/RefDefinition\n2022-12-27 19:56:25,808 - OEA - INFO - Successfully corrected the schema for table:Sectionfrom:stage2/Ingested/M365/v1.14/Section\n2022-12-27 19:56:28,407 - OEA - INFO - Successfully corrected the schema for table:SectionGradeLevelfrom:stage2/Ingested/M365/v1.14/SectionGradeLevel\n2022-12-27 19:56:30,911 - OEA - INFO - Successfully corrected the schema for table:SectionSessionfrom:stage2/Ingested/M365/v1.14/SectionSession\n2022-12-27 19:56:33,855 - OEA - INFO - Successfully corrected the schema for table:SectionSubjectfrom:stage2/Ingested/M365/v1.14/SectionSubject\n2022-12-27 19:56:37,227 - OEA - INFO - Successfully corrected the schema for table:Sessionfrom:stage2/Ingested/M365/v1.14/Session\n2022-12-27 19:56:40,694 - OEA - INFO - Successfully corrected the schema for table:SourceSystemfrom:stage2/Ingested/M365/v1.14/SourceSystem\n2022-12-27 19:56:45,597 - OEA - INFO - Successfully corrected the schema for table:activityfrom:stage2/Ingested/M365/v1.14/activity\n"}],"execution_count":13},{"cell_type":"code","metadata":{"jupyter":{"source_hidden":false,"outputs_hidden":false},"nteract":{"transient":{"deleting":false}},"collapsed":false},"source":["df = spark.read.format('delta').load(oea.to_url('stage2/Ingested/M365/v1.14/activity'), header='true')\r\n","display(df.limit(10))"],"outputs":[{"output_type":"display_data","data":{"application/vnd.livy.statement-meta+json":{"spark_pool":"spark3p2med","session_id":"7","statement_id":12,"state":"finished","livy_statement_state":"available","queued_time":"2022-12-27T19:56:53.0654076Z","session_start_time":null,"execution_start_time":"2022-12-27T19:56:53.1748098Z","execution_finish_time":"2022-12-27T19:56:54.2705255Z","spark_jobs":null},"text/plain":"StatementMeta(spark3p2med, 7, 12, Finished, Available)"},"metadata":{}},{"output_type":"display_data","data":{"application/vnd.synapse.widget-view+json":{"widget_id":"5276092e-4d3f-471f-996b-06d832959e9e","widget_type":"Synapse.DataFrame"},"text/plain":"SynapseWidget(Synapse.DataFrame, 5276092e-4d3f-471f-996b-06d832959e9e)"},"metadata":{}}],"execution_count":14},{"cell_type":"code","metadata":{"jupyter":{"source_hidden":false,"outputs_hidden":false},"nteract":{"transient":{"deleting":false}}},"source":["df.printSchema()"],"outputs":[{"output_type":"display_data","data":{"application/vnd.livy.statement-meta+json":{"spark_pool":"spark3p2med","session_id":"7","statement_id":13,"state":"finished","livy_statement_state":"available","queued_time":"2022-12-27T19:57:09.2318198Z","session_start_time":null,"execution_start_time":"2022-12-27T19:57:09.3432811Z","execution_finish_time":"2022-12-27T19:57:09.5059508Z","spark_jobs":null},"text/plain":"StatementMeta(spark3p2med, 7, 13, Finished, Available)"},"metadata":{}},{"name":"stdout","output_type":"stream","text":"root\n |-- SignalType: string (nullable = true)\n |-- StartTime: timestamp (nullable = true)\n |-- UserAgent: string (nullable = true)\n |-- SignalId: string (nullable = true)\n |-- SisClassId: string (nullable = true)\n |-- ClassId: string (nullable = true)\n |-- ChannelId: string (nullable = true)\n |-- AppName: string (nullable = true)\n |-- ActorId: string (nullable = true)\n |-- ActorRole: string (nullable = true)\n |-- SchemaVersion: string (nullable = true)\n |-- AssignmentId: string (nullable = true)\n |-- SubmissionId: string (nullable = true)\n |-- SubmissionCreatedTime: timestamp (nullable = true)\n |-- Action: string (nullable = true)\n |-- DueDate: timestamp (nullable = true)\n |-- ClassCreationDate: timestamp (nullable = true)\n |-- Grade: double (nullable = true)\n |-- SourceFileExtension: string (nullable = true)\n |-- MeetingDuration: string (nullable = true)\n |-- MeetingSessionId: string (nullable = true)\n |-- MeetingType: string (nullable = true)\n |-- ReadingSubmissionWordsPerMinute: integer (nullable = true)\n |-- ReadingSubmissionAccuracyScore: string (nullable = true)\n |-- ReadingSubmissionMispronunciationCount: integer (nullable = true)\n |-- ReadingSubmissionRepetitionsCount: integer (nullable = true)\n |-- ReadingSubmissionInsertionsCount: integer (nullable = true)\n |-- ReadingSubmissionObmissionCount: integer (nullable = true)\n |-- ReadingSubmissionAttemptNumber: integer (nullable = true)\n |-- ReadingAssignmentWordCount: integer (nullable = true)\n |-- ReadingAssignmentFleschKincaidGradeLevel: string (nullable = true)\n |-- ReadingAssignmentLanguage: string (nullable = true)\n |-- rundate: timestamp (nullable = true)\n\n"}],"execution_count":15}]},"dependsOn":[]},{"name":"[concat(parameters('workspaceName'), '/create_sql_db')]","type":"Microsoft.Synapse/workspaces/pipelines","apiVersion":"2019-06-01-preview","properties":{"activities":[{"name":"Stored procedure1","type":"SqlServerStoredProcedure","dependsOn":[{"activity":"Set stage_path","dependencyConditions":["Succeeded"]}],"policy":{"timeout":"7.00:00:00","retry":0,"retryIntervalInSeconds":30,"secureOutput":false,"secureInput":false},"userProperties":[],"typeProperties":{"storedProcedureName":"[[dbo].[sp_executesql]","storedProcedureParameters":{"command":{"value":{"value":"IF NOT EXISTS (SELECT * FROM sys.databases WHERE name = '@{pipeline().parameters.dbName}') \nBEGIN\n  CREATE DATABASE @{pipeline().parameters.dbName}; \nEND;","type":"Expression"},"type":"String"}}},"linkedServiceName":{"referenceName":"[parameters('LS_SQL_Serverless')]","type":"LinkedServiceReference","parameters":{"dbName":"master"}}},{"name":"get list of entities","type":"GetMetadata","dependsOn":[{"activity":"Stored procedure1","dependencyConditions":["Succeeded"]}],"policy":{"timeout":"7.00:00:00","retry":0,"retryIntervalInSeconds":30,"secureOutput":false,"secureInput":false},"userProperties":[],"typeProperties":{"dataset":{"referenceName":"DS_datalake_folder","type":"DatasetReference","parameters":{"filesystem":{"value":"@variables('stage_path')","type":"Expression"},"directory":{"value":"@pipeline().parameters.datasetPath","type":"Expression"}}},"fieldList":["childItems"],"storeSettings":{"type":"AzureBlobFSReadSettings","recursive":true,"enablePartitionDiscovery":false},"formatSettings":{"type":"BinaryReadSettings"}}},{"name":"ForEach","type":"ForEach","dependsOn":[{"activity":"get list of entities","dependencyConditions":["Succeeded"]}],"userProperties":[],"typeProperties":{"items":{"value":"@activity('get list of entities').output.childItems","type":"Expression"},"activities":[{"name":"If item is a folder","type":"IfCondition","dependsOn":[],"userProperties":[],"typeProperties":{"expression":{"value":"@equals(item().type, 'Folder')","type":"Expression"},"ifTrueActivities":[{"name":"create or alter view for lookup tables","type":"SqlServerStoredProcedure","dependsOn":[],"policy":{"timeout":"7.00:00:00","retry":0,"retryIntervalInSeconds":30,"secureOutput":false,"secureInput":false},"userProperties":[{"name":"command","value":"CREATE OR ALTER VIEW @{item().name} AS SELECT * FROM OPENROWSET( BULK 'https://@{pipeline().parameters.storageAccount}.dfs.core.windows.net/@{variables('stage_path')}/@{pipeline().parameters.datasetPath}/@{item().name}', FORMAT='DELTA' ) AS [r]"}],"typeProperties":{"storedProcedureName":"[[dbo].[sp_executesql]","storedProcedureParameters":{"command":{"value":{"value":"CREATE OR ALTER VIEW @{item().name} AS\nSELECT * FROM OPENROWSET(\nBULK 'https://@{pipeline().parameters.storageAccount}.dfs.core.windows.net/@{variables('stage_path')}/@{pipeline().parameters.datasetPath}/@{item().name}',\nFORMAT='DELTA'\n) AS [r]","type":"Expression"},"type":"String"}}},"linkedServiceName":{"referenceName":"[parameters('LS_SQL_Serverless')]","type":"LinkedServiceReference","parameters":{"dbName":{"value":"@pipeline().parameters.dbName","type":"Expression"}}}}]}}]}},{"name":"Set stage_path","type":"SetVariable","dependsOn":[],"userProperties":[],"typeProperties":{"variableName":"stage_path","value":{"value":"@if(equals(pipeline().parameters.workspace,'dev'), concat('oea/dev/', pipeline().parameters.stage), \n if(equals(pipeline().parameters.workspace,'prod'),pipeline().parameters.stage,\n  concat(concat(concat('oea/sandboxes/', pipeline().parameters.workspace), '/'), pipeline().parameters.stage)\n )\n)","type":"Expression"}}}],"policy":{"elapsedTimeMetric":{},"cancelAfter":{}},"parameters":{"storageAccount":{"type":"string","defaultValue":"stoeacisd3v07kw1"},"stage":{"type":"string","defaultValue":"stage2"},"datasetPath":{"type":"string","defaultValue":"Ingested/contoso/v0.1"},"workspace":{"type":"string","defaultValue":"dev"},"dbName":{"type":"string","defaultValue":"sdb_dev_s2_contoso_v0p1"}},"variables":{"stage_path":{"type":"String"}},"folder":{"name":"OEA_Framework"},"annotations":[],"lastPublishTime":"2022-12-14T20:15:27Z"},"dependsOn":["[concat(variables('workspaceId'), '/datasets/DS_datalake_folder')]"]},{"name":"[concat(parameters('workspaceName'), '/DS_HTTP_binary')]","type":"Microsoft.Synapse/workspaces/datasets","apiVersion":"2019-06-01-preview","properties":{"description":"Retrieves data from an http endpoint.\nThe data can be in any format - the binary dataset allows us to pull any payload without affecting it.","linkedServiceName":{"referenceName":"[parameters('LS_HTTP')]","type":"LinkedServiceReference","parameters":{"baseURL":{"value":"@dataset().URL","type":"Expression"}}},"parameters":{"URL":{"type":"string"}},"folder":{"name":"OEA_Framework"},"annotations":[],"type":"Binary","typeProperties":{"location":{"type":"HttpServerLocation"}}},"dependsOn":[]},{"name":"[concat(parameters('workspaceName'), '/DS_datalake_file')]","type":"Microsoft.Synapse/workspaces/datasets","apiVersion":"2019-06-01-preview","properties":{"description":"Used for landing data in the data lake.\nDefaults to landing data in stage1.\nNote that you can specify a full path in the filename param (eg, to land a file in a specific folder filename param can be 'contoso_sis/students/students.csv').\n","linkedServiceName":{"referenceName":"[parameters('LS_DataLake')]","type":"LinkedServiceReference"},"parameters":{"stage":{"type":"string","defaultValue":"stage1"},"path":{"type":"string"},"filename":{"type":"string"}},"folder":{"name":"OEA_Framework"},"annotations":[],"type":"Binary","typeProperties":{"location":{"type":"AzureBlobFSLocation","fileName":{"value":"@dataset().filename","type":"Expression"},"folderPath":{"value":"@dataset().path","type":"Expression"},"fileSystem":{"value":"@dataset().stage","type":"Expression"}}}},"dependsOn":[]},{"name":"[concat(parameters('workspaceName'), '/insights_ingest_with_options')]","type":"Microsoft.Synapse/workspaces/pipelines","apiVersion":"2019-06-01-preview","properties":{"activities":[{"name":"ingest","type":"SynapseNotebook","dependsOn":[],"policy":{"timeout":"0.12:00:00","retry":0,"retryIntervalInSeconds":30,"secureOutput":false,"secureInput":false},"userProperties":[],"typeProperties":{"notebook":{"referenceName":"OEA_connector","type":"NotebookReference"},"parameters":{"method_name":{"value":"ingest","type":"string"},"kwargs":{"value":{"value":"{'entity_path':'@{pipeline().parameters.entityPath}', 'primary_key':'@{pipeline().parameters.primaryKey}', 'options':{@{pipeline().parameters.options}}}","type":"Expression"},"type":"string"},"workspace":{"value":{"value":"@pipeline().parameters.workspace","type":"Expression"},"type":"string"}},"sparkPool":{"referenceName":"spark3p2sm","type":"BigDataPoolReference"},"conf":{"spark.dynamicAllocation.enabled":null,"spark.dynamicAllocation.minExecutors":null,"spark.dynamicAllocation.maxExecutors":null},"numExecutors":null}}],"policy":{"elapsedTimeMetric":{},"cancelAfter":{}},"parameters":{"workspace":{"type":"string","defaultValue":"dev"},"entityPath":{"type":"string","defaultValue":"contoso/v0.1/students"},"primaryKey":{"type":"string","defaultValue":"id"},"options":{"type":"string"}},"folder":{"name":"Insights Module"},"annotations":[],"lastPublishTime":"2022-12-14T21:05:15Z"},"dependsOn":["[concat(variables('workspaceId'), '/notebooks/OEA_connector')]","[concat(variables('workspaceId'), '/bigDataPools/spark3p2sm')]"]},{"name":"[concat(parameters('workspaceName'), '/DS_datalake_folder')]","type":"Microsoft.Synapse/workspaces/datasets","apiVersion":"2019-06-01-preview","properties":{"linkedServiceName":{"referenceName":"[parameters('LS_DataLake')]","type":"LinkedServiceReference"},"parameters":{"filesystem":{"type":"string"},"directory":{"type":"string"}},"folder":{"name":"OEA_Framework"},"annotations":[],"type":"Binary","typeProperties":{"location":{"type":"AzureBlobFSLocation","folderPath":{"value":"@dataset().directory","type":"Expression"},"fileSystem":{"value":"@dataset().filesystem","type":"Expression"}}}},"dependsOn":[]},{"name":"[concat(parameters('workspaceName'), '/refine')]","type":"Microsoft.Synapse/workspaces/pipelines","apiVersion":"2019-06-01-preview","properties":{"activities":[{"name":"refine","type":"SynapseNotebook","dependsOn":[],"policy":{"timeout":"0.12:00:00","retry":0,"retryIntervalInSeconds":30,"secureOutput":false,"secureInput":false},"userProperties":[],"typeProperties":{"notebook":{"referenceName":"OEA_connector","type":"NotebookReference"},"parameters":{"method_name":{"value":"refine","type":"string"},"kwargs":{"value":{"value":"{'entity_path':'@{pipeline().parameters.entityPath}', 'primary_key':'@{pipeline().parameters.primaryKey}'}","type":"Expression"},"type":"string"},"workspace":{"value":{"value":"@pipeline().parameters.workspace","type":"Expression"},"type":"string"}},"sparkPool":{"referenceName":"spark3p2sm","type":"BigDataPoolReference"},"conf":{"spark.dynamicAllocation.enabled":null,"spark.dynamicAllocation.minExecutors":null,"spark.dynamicAllocation.maxExecutors":null},"numExecutors":null}}],"policy":{"elapsedTimeMetric":{},"cancelAfter":{}},"parameters":{"workspace":{"type":"string","defaultValue":"dev"},"entityPath":{"type":"string","defaultValue":"contoso/v0.1/students"},"primaryKey":{"type":"string","defaultValue":"id"}},"folder":{"name":"OEA_Framework"},"annotations":[],"lastPublishTime":"2022-12-14T20:16:20Z"},"dependsOn":["[concat(variables('workspaceId'), '/notebooks/OEA_connector')]","[concat(variables('workspaceId'), '/bigDataPools/spark3p2sm')]"]},{"name":"[concat(parameters('workspaceName'), '/OEA_connector')]","type":"Microsoft.Synapse/workspaces/notebooks","apiVersion":"2019-06-01-preview","properties":{"nbformat":4,"nbformat_minor":2,"bigDataPool":{"referenceName":"spark3p2sm","type":"BigDataPoolReference"},"sessionProperties":{"driverMemory":"28g","driverCores":4,"executorMemory":"28g","executorCores":4,"numExecutors":2,"runAsWorkspaceSystemIdentity":false,"conf":{"spark.dynamicAllocation.enabled":"false","spark.dynamicAllocation.minExecutors":"2","spark.dynamicAllocation.maxExecutors":"2","spark.autotune.trackingId":"8d0826ad-7ca2-4174-8853-e50c6ade81b1"}},"metadata":{"saveOutput":true,"synapse_widget":{"version":"0.1","state":{}},"enableDebugMode":false,"kernelspec":{"name":"synapse_pyspark","display_name":"Synapse PySpark"},"language_info":{"name":"python"},"a365ComputeOptions":{"id":"/subscriptions/7b9a4896-4541-483f-bdc7-d8f4ec6be3ee/resourceGroups/rg-oea-cisd3v07kw1/providers/Microsoft.Synapse/workspaces/syn-oea-cisd3v07kw1/bigDataPools/spark3p2sm","name":"spark3p2sm","type":"Spark","endpoint":"https://syn-oea-cisd3v07kw1.dev.azuresynapse.net/livyApi/versions/2019-11-01-preview/sparkPools/spark3p2sm","auth":{"type":"AAD","authResource":"https://dev.azuresynapse.net"},"sparkVersion":"3.2","nodeCount":3,"cores":4,"memory":28,"automaticScaleJobs":false},"sessionKeepAliveTimeout":30},"cells":[{"cell_type":"markdown","metadata":{"nteract":{"transient":{"deleting":false}}},"source":["# OEA connector\n","This notebook provides a way for invoking methods on the OEA framework."]},{"cell_type":"code","metadata":{"jupyter":{"source_hidden":false,"outputs_hidden":false},"nteract":{"transient":{"deleting":false}},"tags":["parameters"]},"source":["# These values should be passed in from the pipeline that is using this notebook as an activity.\r\n","# Note that kwargs allows you to pass in a dict of params, but the dict has to specified as a string when invoked from a pipeline.\r\n","# Also note that you can refer to attributes of an object in the params, for example: {'path':oea.stage1}\r\n","workspace = 'dev'\r\n","method_name = None\r\n","kwargs = '{}'"],"outputs":[],"execution_count":null},{"cell_type":"code","metadata":{"jupyter":{"outputs_hidden":false,"source_hidden":false},"nteract":{"transient":{"deleting":false}},"collapsed":true},"source":["%run /OEA_py"],"outputs":[],"execution_count":null},{"cell_type":"code","metadata":{"jupyter":{"source_hidden":false,"outputs_hidden":false},"nteract":{"transient":{"deleting":false}}},"source":["oea.set_workspace(workspace)"],"outputs":[],"execution_count":null},{"cell_type":"code","metadata":{"jupyter":{"source_hidden":false,"outputs_hidden":false},"nteract":{"transient":{"deleting":false}}},"source":["m = getattr(oea, method_name)\r\n","kwargs = eval(kwargs)\r\n","result = m(**kwargs)\r\n","mssparkutils.notebook.exit(result)"],"outputs":[],"execution_count":null}]},"dependsOn":[]},{"name":"[concat(parameters('workspaceName'), '/spark3p2sm')]","type":"Microsoft.Synapse/workspaces/bigDataPools","apiVersion":"2019-06-01-preview","properties":{"autoPause":{"enabled":true,"delayInMinutes":15},"autoScale":{"enabled":true,"maxNodeCount":5,"minNodeCount":3},"nodeCount":3,"nodeSize":"Small","nodeSizeFamily":"MemoryOptimized","sparkVersion":"3.2","isComputeIsolationEnabled":false,"sessionLevelPackagesEnabled":false,"annotations":[]},"dependsOn":[],"location":"eastus2"}]}